,H,T_rep,Td_rep
0,0.066,296.54999999999995,289.15
1,0.1,297.15,288.11
2,0.2,296.29166666666663,287.85
3,0.3,295.38,287.65
4,0.4,294.52,287.35
5,0.5,293.54999999999995,287.15
6,0.6,293.5045454545454,287.72272727272724
7,0.7000000000000001,293.51,287.5199999999999
8,0.8,293.16,287.16
9,0.9,292.75,286.5799999999999
10,1.0,292.15,287.34090909090907
11,1.1,291.69545454545454,286.2954545454545
12,1.2000000000000002,291.18333333333334,285.5666666666666
13,1.3000000000000005,290.75,284.45
14,1.4,290.25,281.51
15,1.5000000000000002,289.95,280.1730769230769
16,1.6,289.38,278.78
17,1.7000000000000002,288.75,278.7409090909091
18,1.8000000000000005,288.15,279.25
19,1.9,287.3136363636363,279.15
20,2.0,286.95,277.9136363636364
